branch,address,latitude,longitude
UNG VĂN KHIÊM,KARAOKE ICOOL 122 UNG VĂN KHIÊM PHƯỜNG 25 Quận Bình Thạnh,10.807294,106.718231
XÔ VIẾT NGHỆ TĨNH,"693 XÔ VIẾT NGHỆ TĨNH , PHƯỜNG 26, Quận Bình Thạnh",10.812628,106.715197
TÔ KÝ,"B74 BIS, TÔ KÝ, ĐÔNG HƯNG THUẬN, Quận 12",10.850219,106.632033
BÌNH PHÚ,"31 BÌNH PHÚ, PHƯỜNG 10, Quận 6",10.740597,106.629426
DƯƠNG BÁ TRẠC,"456 DƯƠNG BÁ TRẠC, PHƯỜNG 2, Quận 8",10.742274,106.688462
NGUYỄN SƠN,"38 NGUYỄN SƠN PHƯỜNG PHÚ THỌ HÒA, Quận Tân Phú",10.781639,106.632747
THÀNH THÁI,120 THÀNH THÁI PHƯỜNG 12 Quận 10,10.77476,106.664455
MẠC ĐỈNH CHI,90 MẠC ĐỈNH CHI PHƯỜNG ĐA KAO Quận 1,10.788501,106.696116
TRẦN BÌNH TRỌNG,177 TRẦN BÌNH TRỌNG PHƯỜNG 3 Quận 5,10.758832,106.680514
CẦU CHỮ Y,"147 DẠ NAM PHƯỜNG 3, Quận 8",10.748389,106.684143
NHỊ THIÊN ĐƯỜNG,260 QUỐC LỘ 50 PHƯỜNG 6 Quận 8,10.734967,106.656078
NGUYỄN TRÃI,878 NGUYỄN TRÃI PHƯỜNG 14 Quận 5,10.754868,106.667671
CÁCH MẠNG THÁNG 8,129A CMT8 PHƯỜNG 5 Quận 3,10.774605,106.68866
TRẦN NÃO,18 TRẦN NÃO PHƯỜNG BÌNH AN Quận 2,10.793932999999999,106.730746
NGUYỄN TRI PHƯƠNG,465 NGUYỄN TRI PHƯƠNG PHƯỜNG 4 Quận 10,10.764613,106.667717
ĐỒNG ĐEN,124A ĐỒNG ĐEN PHƯỜNG 14 Quận Tân Bình,10.792324,106.664003
PHAN CHU TRINH,39-41 PHAN CHU TRINH PHƯỜNG 14 Quận Bình Thạnh,10.804464,106.701516
ĐẠI LỘ 2,"168 ICOOL ĐẠI LỘ 2 PHƯỜNG PHƯỚC BÌNH, TP Thủ Đức",10.780672,106.7122688
VŨNG TÀU,"130 HOÀNG HOA THÁM P2, TP Vũng Tàu",10.337067,107.085835
SƯ VẠN HẠNH,"644 Đ. SƯ VẠN HẠNH, PHƯỜNG 12, Quận 10.",10.7701407,106.6706353
PHAN XÍCH LONG,266-268-270 PHAN XÍCH LONG PHƯỜNG 7 Quận Phú Nhuận,10.797366,106.691138
LÊ VĂN VIỆT,140 LÊ VĂN VIỆT PHƯỜNG HIỆP PHÚ TP Thủ Đức,10.845833,106.779966
HOÀNG DIỆU 2,"66G Hoàng Diệu 2, Phường Linh Chiểu, TP Thủ Đức",10.8537916,106.7665237
